{
    "$schema": "https://schema.management.azure.com/schemas/2019-04-01/deploymentTemplate.json#",
    "contentVersion": "1.0.0.0",
    "parameters": {
        "firewallPolicies_vnet_01_firewall_policy_name": {
            "defaultValue": "vnet-01-firewall-policy",
            "type": "String"
        },
        "ipGroups_client_network_externalid": {
            "defaultValue": "/subscriptions/0683d406-4d77-4bb7-b1a6-165c282b5d37/resourceGroups/predrag-fw-test/providers/Microsoft.Network/ipGroups/client-network",
            "type": "String"
        },
        "ipGroups_Internal_Servers_externalid": {
            "defaultValue": "/subscriptions/0683d406-4d77-4bb7-b1a6-165c282b5d37/resourceGroups/predrag-fw-test/providers/Microsoft.Network/ipGroups/Internal-Servers",
            "type": "String"
        }
    },
    "variables": {},
    "resources": [
        {
            "type": "Microsoft.Network/firewallPolicies",
            "apiVersion": "2022-11-01",
            "name": "[parameters('firewallPolicies_vnet_01_firewall_policy_name')]",
            "location": "eastus",
            "properties": {
                "sku": {
                    "tier": "Standard"
                },
                "threatIntelMode": "Alert",
                "dnsSettings": {
                    "servers": [],
                    "enableProxy": true
                }
            }
        },
        {
            "type": "Microsoft.Network/firewallPolicies/ruleCollectionGroups",
            "apiVersion": "2022-11-01",
            "name": "[concat(parameters('firewallPolicies_vnet_01_firewall_policy_name'), '/DefaultApplicationRuleCollectionGroup')]",
            "location": "eastus",
            "dependsOn": [
                "[resourceId('Microsoft.Network/firewallPolicies', parameters('firewallPolicies_vnet_01_firewall_policy_name'))]"
            ],
            "properties": {
                "priority": 300,
                "ruleCollections": [
                    {
                        "ruleCollectionType": "FirewallPolicyFilterRuleCollection",
                        "action": {
                            "type": "Allow"
                        },
                        "rules": [
                            {
                                "ruleType": "ApplicationRule",
                                "name": "Allow-Google-URL",
                                "protocols": [
                                    {
                                        "protocolType": "Http",
                                        "port": 80
                                    },
                                    {
                                        "protocolType": "Https",
                                        "port": 443
                                    }
                                ],
                                "fqdnTags": [],
                                "webCategories": [],
                                "targetFqdns": [
                                    "*.google.com",
                                    "google.com"
                                ],
                                "targetUrls": [],
                                "terminateTLS": false,
                                "sourceAddresses": [
                                    "10.0.0.0/16"
                                ],
                                "destinationAddresses": [],
                                "sourceIpGroups": [],
                                "httpHeadersToInsert": []
                            },
                            {
                                "ruleType": "ApplicationRule",
                                "name": "Allow-Windows",
                                "protocols": [
                                    {
                                        "protocolType": "Http",
                                        "port": 80
                                    },
                                    {
                                        "protocolType": "Https",
                                        "port": 443
                                    }
                                ],
                                "fqdnTags": [
                                    "WindowsUpdate",
                                    "Windows365",
                                    "MicrosoftIntune",
                                    "WindowsDiagnostics"
                                ],
                                "webCategories": [],
                                "targetFqdns": [],
                                "targetUrls": [],
                                "terminateTLS": false,
                                "sourceAddresses": [
                                    "10.0.0.0/16"
                                ],
                                "destinationAddresses": [],
                                "sourceIpGroups": [],
                                "httpHeadersToInsert": []
                            },
                            {
                                "ruleType": "ApplicationRule",
                                "name": "Allow-Travel",
                                "protocols": [
                                    {
                                        "protocolType": "Http",
                                        "port": 80
                                    },
                                    {
                                        "protocolType": "Https",
                                        "port": 443
                                    }
                                ],
                                "fqdnTags": [],
                                "webCategories": [
                                    "Travel"
                                ],
                                "targetFqdns": [],
                                "targetUrls": [],
                                "terminateTLS": false,
                                "sourceAddresses": [
                                    "10.0.0.0/16"
                                ],
                                "destinationAddresses": [],
                                "sourceIpGroups": [],
                                "httpHeadersToInsert": []
                            },
                            {
                                "ruleType": "ApplicationRule",
                                "name": "Allow-Servers-Clients",
                                "protocols": [
                                    {
                                        "protocolType": "Http",
                                        "port": 80
                                    },
                                    {
                                        "protocolType": "Https",
                                        "port": 443
                                    }
                                ],
                                "fqdnTags": [],
                                "webCategories": [],
                                "targetFqdns": [
                                    "*.msn.com"
                                ],
                                "targetUrls": [],
                                "terminateTLS": false,
                                "sourceAddresses": [],
                                "destinationAddresses": [],
                                "sourceIpGroups": [
                                    "[parameters('ipGroups_client_network_externalid')]",
                                    "[parameters('ipGroups_Internal_Servers_externalid')]"
                                ],
                                "httpHeadersToInsert": []
                            }
                        ],
                        "name": "AppRule01",
                        "priority": 100
                    }
                ]
            }
        },
        {
            "type": "Microsoft.Network/firewallPolicies/ruleCollectionGroups",
            "apiVersion": "2022-11-01",
            "name": "[concat(parameters('firewallPolicies_vnet_01_firewall_policy_name'), '/DefaultDnatRuleCollectionGroup')]",
            "location": "eastus",
            "dependsOn": [
                "[resourceId('Microsoft.Network/firewallPolicies', parameters('firewallPolicies_vnet_01_firewall_policy_name'))]"
            ],
            "properties": {
                "priority": 100,
                "ruleCollections": [
                    {
                        "ruleCollectionType": "FirewallPolicyNatRuleCollection",
                        "action": {
                            "type": "Dnat"
                        },
                        "rules": [
                            {
                                "ruleType": "NatRule",
                                "name": "dnat01",
                                "translatedAddress": "10.0.10.11",
                                "translatedPort": "443",
                                "ipProtocols": [
                                    "TCP"
                                ],
                                "sourceAddresses": [
                                    "*"
                                ],
                                "sourceIpGroups": [],
                                "destinationAddresses": [
                                    "20.169.241.244"
                                ],
                                "destinationPorts": [
                                    "443"
                                ]
                            }
                        ],
                        "name": "DNAT-01",
                        "priority": 100
                    }
                ]
            }
        },
        {
            "type": "Microsoft.Network/firewallPolicies/ruleCollectionGroups",
            "apiVersion": "2022-11-01",
            "name": "[concat(parameters('firewallPolicies_vnet_01_firewall_policy_name'), '/NetworkPolicy')]",
            "location": "eastus",
            "dependsOn": [
                "[resourceId('Microsoft.Network/firewallPolicies', parameters('firewallPolicies_vnet_01_firewall_policy_name'))]"
            ],
            "properties": {
                "priority": 150,
                "ruleCollections": [
                    {
                        "ruleCollectionType": "FirewallPolicyFilterRuleCollection",
                        "action": {
                            "type": "Allow"
                        },
                        "rules": [
                            {
                                "ruleType": "NetworkRule",
                                "name": "permit-google-dns",
                                "ipProtocols": [
                                    "UDP",
                                    "TCP"
                                ],
                                "sourceAddresses": [
                                    "10.0.0.0/16"
                                ],
                                "sourceIpGroups": [],
                                "destinationAddresses": [
                                    "8.8.8.8",
                                    "8.8.4.4"
                                ],
                                "destinationIpGroups": [],
                                "destinationFqdns": [],
                                "destinationPorts": [
                                    "53"
                                ]
                            },
                            {
                                "ruleType": "NetworkRule",
                                "name": "allow-ntp",
                                "ipProtocols": [
                                    "UDP"
                                ],
                                "sourceAddresses": [
                                    "10.0.0.0/16"
                                ],
                                "sourceIpGroups": [],
                                "destinationAddresses": [],
                                "destinationIpGroups": [],
                                "destinationFqdns": [
                                    "0.pool.ntp.org",
                                    "1.pool.ntp.org"
                                ],
                                "destinationPorts": [
                                    "123"
                                ]
                            },
                            {
                                "ruleType": "NetworkRule",
                                "name": "servers-to-internet",
                                "ipProtocols": [
                                    "TCP"
                                ],
                                "sourceAddresses": [],
                                "sourceIpGroups": [
                                    "[parameters('ipGroups_Internal_Servers_externalid')]"
                                ],
                                "destinationAddresses": [
                                    "*"
                                ],
                                "destinationIpGroups": [],
                                "destinationFqdns": [],
                                "destinationPorts": [
                                    "80",
                                    "443"
                                ]
                            }
                        ],
                        "name": "Collection01",
                        "priority": 100
                    },
                    {
                        "ruleCollectionType": "FirewallPolicyFilterRuleCollection",
                        "action": {
                            "type": "Deny"
                        },
                        "rules": [
                            {
                                "ruleType": "NetworkRule",
                                "name": "deny-cloudflare-dns",
                                "ipProtocols": [
                                    "Any"
                                ],
                                "sourceAddresses": [
                                    "10.0.0.0/16"
                                ],
                                "sourceIpGroups": [],
                                "destinationAddresses": [
                                    "1.1.1.1"
                                ],
                                "destinationIpGroups": [],
                                "destinationFqdns": [],
                                "destinationPorts": [
                                    "53"
                                ]
                            },
                            {
                                "ruleType": "NetworkRule",
                                "name": "deny-ntp-any",
                                "ipProtocols": [
                                    "UDP"
                                ],
                                "sourceAddresses": [
                                    "10.0.0.0/16"
                                ],
                                "sourceIpGroups": [],
                                "destinationAddresses": [
                                    "*"
                                ],
                                "destinationIpGroups": [],
                                "destinationFqdns": [],
                                "destinationPorts": [
                                    "123"
                                ]
                            },
                            {
                                "ruleType": "NetworkRule",
                                "name": "Deny-Client-to-Servers",
                                "ipProtocols": [
                                    "Any"
                                ],
                                "sourceAddresses": [],
                                "sourceIpGroups": [
                                    "[parameters('ipGroups_client_network_externalid')]"
                                ],
                                "destinationAddresses": [],
                                "destinationIpGroups": [
                                    "[parameters('ipGroups_Internal_Servers_externalid')]"
                                ],
                                "destinationFqdns": [],
                                "destinationPorts": [
                                    "*"
                                ]
                            }
                        ],
                        "name": "Collection02",
                        "priority": 110
                    }
                ]
            }
        }
    ]
}